{"cameraMode":{"drawMode":0,"name":"Shaded","section":"Shading Mode"},"sceneLighting":false,"audioPlay":false,"sceneViewState":{"m_AlwaysRefresh":false,"showFog":true,"showSkybox":false,"showFlares":true,"showImageEffects":true,"showParticleSystems":true,"showVisualEffectGraphs":true,"m_FxEnabled":true},"in2DMode":false,"pivot":{"x":0.23769696056842805,"y":0.05594942346215248,"z":-0.4810436964035034},"rotation":{"x":-0.08845322579145432,"y":-0.3549244999885559,"z":0.033747512847185138,"w":-0.9301169514656067},"size":0.8660253882408142,"orthographic":false}